Parameter,Sequential,Simultaneous
p,0.521035599,0.496428571
mu_t,1.79506144,1.772168621
sigma_t,1.039045885,0.910115825
cs,"1.36412856735735, 1.37412856735735, 1.39057384710497, 1.40973894658646, 1.43394690094715, 1.46321807012953, 1.52985998492898, 1.70736279116011, 1.86186783895087, 2.27973488628549, 2.63250422160886","1.11100662859238, 1.13835141173576, 1.17084572668142, 1.21675092804598, 1.29111443230448, 1.35820975683938, 1.50368394549101, 1.69402849340548, 1.7902768948479, 2.37541851088196, 2.68170674703691"
pos_prop,"0.184466019417476, 0.145631067961165, 0.187702265372168, 0.194174757281553, 0.142394822006472, 0.145631067961165",
Fit statistic (P-value),20.7739285108368 (5.16817620116734e-06),25.9642274453539 (3.4780270811498e-07)
