"cond","mu","sigma","cs"
"Low-similarity fillers",1.9255693232508,0.822249871929092,"1.60788215026203,1.6221266194097,1.63452263248406,1.65027797832179,1.68865233416416,1.75586362865281,1.88520111165739,2.052395387837,2.29378919019917,2.62895619568664,3.05388936654988"
"High-similarity fillers",1.44098505528318,0.869681766251504,"1.32309821673765,1.33398619714442,1.34720489780595,1.37293329960754,1.4305228209534,1.50241275047598,1.645318603101,1.81505284293448,2.07001614377354,2.38886670563333,2.73031930163898"
