Parameter,UK,US
p,0.524124882,0.49738676
mu_t,0.660011552,1.086408623
sigma_t,1.049409782,0.91340097
cs,"1.20186997248039, 1.22705016863071, 1.23705016863071, 1.25812157444253, 1.30936436453236, 1.37008966478294, 1.47938366726568, 1.60943494738566, 1.85894229418198, 2.18100838963952, 2.54786764721309","1.1804931208485, 1.20987348381001, 1.22883496099314, 1.26740049347978, 1.34873489395931, 1.46470955738124, 1.64305617821626, 1.82416336449831, 2.13876642378557, 2.46320691244956, 2.84712278207431"
pos_prop,"0.0946073793755913, 0.117313150425733, 0.120151371807001, 0.114474929044465, 0.112582781456954, 0.118259224219489, 0.110690633869442, 0.116367076631977, 0.0955534531693472",
Fit statistic (P-value),27.6114970232509 (1.48294701348347e-07),30.7841215767893 (2.88387972305216e-08)
